"C_index","lower95","upper95"
0.656474248532191,0.614234426888829,0.698714070175554
