"Time","AUC"
"1-year",0.674193162353869
"3-year",0.68395492872004
"5-year",0.583098460514316
